{"cameraMode":{"drawMode":0,"name":"Shaded","section":"Shading Mode"},"sceneLighting":false,"audioPlay":false,"sceneViewState":{"m_AlwaysRefresh":false,"showFog":true,"showSkybox":true,"showFlares":true,"showImageEffects":true,"showParticleSystems":true,"showVisualEffectGraphs":true,"m_FxEnabled":true},"in2DMode":false,"pivot":{"x":344.3447570800781,"y":11.437324523925782,"z":-30.11200523376465},"rotation":{"x":-0.014690399169921875,"y":-0.01650252752006054,"z":-0.0002580328145995736,"w":0.9998853206634522},"size":3.9625356197357179,"orthographic":false}